{"etype":"bot","metadata":{"map":{"path":{"maxDistance":15.0,"maxNodes":12,"path":null},"position":[0.15849731862545013,31.250106811523438,21.94746208190918],"rotation":[0.0,0.0,0.0,0.0],"target":["Players",[0.4744192361831665,34.782501220703125,18.049720764160156]]}}}