{"etype":"bot","metadata":{"map":{"path":{"maxDistance":15.0,"maxNodes":12,"path":null},"position":[0.6738250255584717,32.25010681152344,20.61756706237793],"rotation":[0.0,0.0,0.0,0.0],"target":["Players",[0.4744192361831665,34.782501220703125,18.049720764160156]]}}}