{"etype":"bot","metadata":{"map":{"path":{"maxDistance":15.0,"maxNodes":12,"path":null},"position":[0.8912339806556702,31.25010108947754,19.463972091674805],"rotation":[0.0,0.0,0.0,0.0],"target":["Players",[0.4744192361831665,34.782501220703125,18.049720764160156]]}}}