{"etype":"bot","metadata":{"map":{"path":{"maxDistance":30.0,"maxNodes":24,"path":null},"position":[1.515902042388916,31.250091552734375,20.194353103637695],"rotation":[0.0,0.0,0.0,0.0],"target":["Player",[0.6188011169433594,35.282501220703125,17.402673721313477]]}}}