{"etype":"bot","metadata":{"map":{"path":{"maxDistance":30.0,"maxNodes":24,"path":null},"position":[1.515902042388916,31.250099182128906,20.194353103637695],"rotation":[0.0,0.0,0.0,0.0],"target":["Player",[0.550000011920929,37.282501220703125,0.550000011920929]]}}}