{"etype":"bot","metadata":{"map":{"path":{"maxDistance":30.0,"maxNodes":24,"path":[[1,31,19],[1,31,20],[2,31,21]]},"position":[1.3712719678878784,31.250099182128906,19.933563232421875],"rotation":[0.0,0.0,0.0,0.0],"target":["Player",[2.9624104499816895,32.282501220703125,21.297183990478516]]}}}