{"etype":"bot","metadata":{"map":{"path":{"maxDistance":30.0,"maxNodes":24,"path":null},"position":[1.2343908548355103,31.25009536743164,19.50033950805664],"rotation":[0.0,0.0,0.0,0.0],"target":["Player",[0.6188011169433594,35.282501220703125,17.402673721313477]]}}}