{"etype":"bot","metadata":{"map":{"path":{"maxDistance":30.0,"maxNodes":24,"path":null},"position":[1.2343908548355103,31.250099182128906,19.50033950805664],"rotation":[0.0,0.0,0.0,0.0],"target":["Player",[0.550000011920929,37.282501220703125,0.550000011920929]]}}}