{"etype":"bot","metadata":{"map":{"path":{"maxDistance":30.0,"maxNodes":24,"path":[[2,31,20],[2,31,21]]},"position":[2.3759875297546387,31.250106811523438,20.973546981811523],"rotation":[0.0,0.0,0.0,0.0],"target":["Player",[2.9624104499816895,32.282501220703125,21.297183990478516]]}}}